{
  "C10": {
    "Step-1.0": {
      "value": -50.0036,
      "error": 4.605667
    },
    "Step-0.8": {
      "value": -39.1669,
      "error": 4.189041
    },
    "Step-0.6": {
      "value": -29.7901,
      "error": 4.172078
    },
    "Step-0.4": {
      "value": -21.101,
      "error": 4.166724
    },
    "Step-0.2": {
      "value": -11.8688,
      "error": 3.956466
    }
  },
  "CP15": {
    "Step-1.0": {
      "value": -28.4319,
      "error": 0.835499
    },
    "Step-0.8": {
      "value": -20.7331,
      "error": 0.289107
    },
    "Step-0.6": {
      "value": -14.4366,
      "error": 0.163457
    },
    "Step-0.4": {
      "value": -8.96779,
      "error": 0.5972
    },
    "Step-0.2": {
      "value": -4.09451,
      "error": 0.986514
    }
  },
  "Tu19": {
    "Step-1.0": {
      "value": -49.2638,
      "error": 4.476368
    },
    "Step-0.8": {
      "value": -38.092,
      "error": 3.961612
    },
    "Step-0.6": {
      "value": -28.5731,
      "error": 3.828423
    },
    "Step-0.4": {
      "value": -19.8993,
      "error": 3.694883
    },
    "Step-0.2": {
      "value": -10.8271,
      "error": 3.294106
    }
  },
    "To21": {
      "Step-1.0": {
        "value": -33.1899,
        "error": 1.667067
      },
      "Step-0.8": {
        "value": -25.8449,
        "error": 1.370582
      },
      "Step-0.6": {
        "value": -18.9264,
        "error": 1.104371
      },
      "Step-0.4": {
        "value": -12.3254,
        "error": 0.721103
      },
      "Step-0.2": {
        "value": -5.9566,
        "error": 0.197419
      }
    },
  "M18": {
    "Step-1.0": {
      "value": -29.0974,
      "error": 0.95181
    },
    "Step-0.8": {
      "value": -23.2366,
      "error": 0.818747
    },
    "Step-0.6": {
      "value": -17.4734,
      "error": 0.694061
    },
    "Step-0.4": {
      "value": -11.6815,
      "error": 0.468298
    },
    "Step-0.2": {
      "value": -5.78882,
      "error": 0.090745
    }
  },
  "experiment": {
    "Step-1.0": {
      "mean": -23.6514,
      "std": 5.7217
    },
    "Step-0.8": {
      "mean": -19.3666,
      "std": 4.7267
    },
    "Step-0.6": {
      "mean": -15.0155,
      "std": 3.5413
    },
    "Step-0.4": {
      "mean": -10.4888,
      "std": 2.5469
    },
    "Step-0.2": {
      "mean": -5.6461,
      "std": 1.5728
    }
  }
}